BaseCase,RA,RASDG,Year,indicator
87.02,87.02,87.02,2020,Access_to_Safely_Managed_Sanita
88.17,88.17,88.17,2021,Access_to_Safely_Managed_Sanita
88.28,88.28,88.28,2022,Access_to_Safely_Managed_Sanita
88.43,88.43,88.43,2023,Access_to_Safely_Managed_Sanita
88.78,88.78,88.78,2024,Access_to_Safely_Managed_Sanita
89.14,89.14,89.57,2025,Access_to_Safely_Managed_Sanita
89.49,89.49,90.0,2026,Access_to_Safely_Managed_Sanita
89.84,89.84,90.47,2027,Access_to_Safely_Managed_Sanita
90.11,90.1,90.97,2028,Access_to_Safely_Managed_Sanita
90.38,90.37,91.48,2029,Access_to_Safely_Managed_Sanita
90.65,90.65,91.98,2030,Access_to_Safely_Managed_Sanita
90.92,90.92,92.47,2031,Access_to_Safely_Managed_Sanita
91.19,91.19,92.96,2032,Access_to_Safely_Managed_Sanita
91.46,91.46,93.42,2033,Access_to_Safely_Managed_Sanita
91.71,91.72,93.85,2034,Access_to_Safely_Managed_Sanita
91.96,91.97,94.26,2035,Access_to_Safely_Managed_Sanita
92.2,92.21,94.63,2036,Access_to_Safely_Managed_Sanita
92.43,92.44,94.98,2037,Access_to_Safely_Managed_Sanita
92.65,92.68,95.3,2038,Access_to_Safely_Managed_Sanita
92.88,92.9,95.57,2039,Access_to_Safely_Managed_Sanita
93.1,93.12,95.82,2040,Access_to_Safely_Managed_Sanita
93.3,93.34,96.04,2041,Access_to_Safely_Managed_Sanita
93.51,93.55,96.24,2042,Access_to_Safely_Managed_Sanita
93.71,93.76,96.43,2043,Access_to_Safely_Managed_Sanita
93.91,93.96,96.61,2044,Access_to_Safely_Managed_Sanita
94.11,94.16,96.77,2045,Access_to_Safely_Managed_Sanita
94.3,94.36,96.93,2046,Access_to_Safely_Managed_Sanita
94.5,94.56,97.08,2047,Access_to_Safely_Managed_Sanita
94.68,94.75,97.22,2048,Access_to_Safely_Managed_Sanita
94.87,94.94,97.35,2049,Access_to_Safely_Managed_Sanita
95.05,95.13,97.48,2050,Access_to_Safely_Managed_Sanita
95.23,95.32,97.61,2051,Access_to_Safely_Managed_Sanita
95.41,95.5,97.75,2052,Access_to_Safely_Managed_Sanita
95.6,95.69,97.87,2053,Access_to_Safely_Managed_Sanita
95.78,95.87,98.01,2054,Access_to_Safely_Managed_Sanita
95.97,96.06,98.12,2055,Access_to_Safely_Managed_Sanita
96.15,96.24,98.26,2056,Access_to_Safely_Managed_Sanita
96.34,96.43,98.37,2057,Access_to_Safely_Managed_Sanita
96.53,96.63,98.5,2058,Access_to_Safely_Managed_Sanita
96.72,96.84,98.6,2059,Access_to_Safely_Managed_Sanita
96.93,97.04,98.73,2060,Access_to_Safely_Managed_Sanita
94.12,94.12,94.12,2020,Access_to_Safely_Managed_Water
94.57,94.57,94.57,2021,Access_to_Safely_Managed_Water
94.52,94.52,94.52,2022,Access_to_Safely_Managed_Water
94.62,94.62,94.62,2023,Access_to_Safely_Managed_Water
94.78,94.78,94.78,2024,Access_to_Safely_Managed_Water
94.92,94.92,95.11,2025,Access_to_Safely_Managed_Water
95.11,95.11,95.36,2026,Access_to_Safely_Managed_Water
95.29,95.29,95.59,2027,Access_to_Safely_Managed_Water
95.43,95.43,95.83,2028,Access_to_Safely_Managed_Water
95.56,95.56,96.08,2029,Access_to_Safely_Managed_Water
95.69,95.69,96.32,2030,Access_to_Safely_Managed_Water
95.82,95.82,96.55,2031,Access_to_Safely_Managed_Water
95.95,95.95,96.78,2032,Access_to_Safely_Managed_Water
96.09,96.08,97.0,2033,Access_to_Safely_Managed_Water
96.22,96.21,97.21,2034,Access_to_Safely_Managed_Water
96.35,96.35,97.4,2035,Access_to_Safely_Managed_Water
96.48,96.47,97.58,2036,Access_to_Safely_Managed_Water
96.6,96.59,97.74,2037,Access_to_Safely_Managed_Water
96.72,96.71,97.9,2038,Access_to_Safely_Managed_Water
96.83,96.83,98.03,2039,Access_to_Safely_Managed_Water
96.95,96.95,98.15,2040,Access_to_Safely_Managed_Water
97.06,97.06,98.26,2041,Access_to_Safely_Managed_Water
97.17,97.18,98.36,2042,Access_to_Safely_Managed_Water
97.27,97.3,98.46,2043,Access_to_Safely_Managed_Water
97.4,97.41,98.55,2044,Access_to_Safely_Managed_Water
97.51,97.52,98.63,2045,Access_to_Safely_Managed_Water
97.61,97.63,98.71,2046,Access_to_Safely_Managed_Water
97.72,97.74,98.78,2047,Access_to_Safely_Managed_Water
97.82,97.84,98.85,2048,Access_to_Safely_Managed_Water
97.93,97.95,98.92,2049,Access_to_Safely_Managed_Water
98.03,98.06,98.98,2050,Access_to_Safely_Managed_Water
98.14,98.16,99.04,2051,Access_to_Safely_Managed_Water
98.24,98.27,99.11,2052,Access_to_Safely_Managed_Water
98.35,98.37,99.17,2053,Access_to_Safely_Managed_Water
98.45,98.47,99.23,2054,Access_to_Safely_Managed_Water
98.55,98.57,99.29,2055,Access_to_Safely_Managed_Water
98.66,98.68,99.35,2056,Access_to_Safely_Managed_Water
98.76,98.78,99.4,2057,Access_to_Safely_Managed_Water
98.87,98.89,99.46,2058,Access_to_Safely_Managed_Water
98.97,99.0,99.51,2059,Access_to_Safely_Managed_Water
99.08,99.1,99.57,2060,Access_to_Safely_Managed_Water
2828.0,2828.0,2828.0,2020,Agricultural_Production
2874.0,2874.0,2874.0,2021,Agricultural_Production
2899.0,2899.0,2899.0,2022,Agricultural_Production
2916.0,2916.0,2916.0,2023,Agricultural_Production
2937.0,2937.0,2937.0,2024,Agricultural_Production
2961.0,2961.0,2992.0,2025,Agricultural_Production
2982.0,2982.0,3025.0,2026,Agricultural_Production
2997.0,2997.0,3046.0,2027,Agricultural_Production
3007.0,3007.0,3064.0,2028,Agricultural_Production
3013.0,3013.0,3077.0,2029,Agricultural_Production
3018.0,3018.0,3086.0,2030,Agricultural_Production
3021.0,3020.0,3088.0,2031,Agricultural_Production
3023.0,3022.0,3085.0,2032,Agricultural_Production
3024.0,3022.0,3078.0,2033,Agricultural_Production
3025.0,3022.0,3067.0,2034,Agricultural_Production
3026.0,3022.0,3053.0,2035,Agricultural_Production
3026.0,3022.0,3036.0,2036,Agricultural_Production
3025.0,3021.0,3017.0,2037,Agricultural_Production
3025.0,3021.0,2995.0,2038,Agricultural_Production
3025.0,3020.0,2976.0,2039,Agricultural_Production
3024.0,3018.0,2928.0,2040,Agricultural_Production
3022.0,3016.0,2881.0,2041,Agricultural_Production
3019.0,3012.0,2838.0,2042,Agricultural_Production
3015.0,3008.0,2797.0,2043,Agricultural_Production
3010.0,3002.0,2758.0,2044,Agricultural_Production
3005.0,2997.0,2721.0,2045,Agricultural_Production
3001.0,2992.0,2686.0,2046,Agricultural_Production
2997.0,2988.0,2655.0,2047,Agricultural_Production
2993.0,2982.0,2625.0,2048,Agricultural_Production
2989.0,2978.0,2598.0,2049,Agricultural_Production
2985.0,2972.0,2572.0,2050,Agricultural_Production
2981.0,2967.0,2548.0,2051,Agricultural_Production
2975.0,2960.0,2525.0,2052,Agricultural_Production
2971.0,2954.0,2504.0,2053,Agricultural_Production
2965.0,2947.0,2483.0,2054,Agricultural_Production
2960.0,2940.0,2463.0,2055,Agricultural_Production
2954.0,2934.0,2454.0,2056,Agricultural_Production
2950.0,2927.0,2443.0,2057,Agricultural_Production
2947.0,2922.0,2431.0,2058,Agricultural_Production
2945.0,2917.0,2420.0,2059,Agricultural_Production
2944.0,2913.0,2411.0,2060,Agricultural_Production
11.71,11.71,11.71,2020,Average_Education_Years
11.76,11.76,11.76,2021,Average_Education_Years
11.81,11.81,11.81,2022,Average_Education_Years
11.85,11.85,11.85,2023,Average_Education_Years
11.9,11.9,11.9,2024,Average_Education_Years
11.94,11.94,11.94,2025,Average_Education_Years
11.98,11.98,11.99,2026,Average_Education_Years
12.03,12.03,12.03,2027,Average_Education_Years
12.07,12.07,12.08,2028,Average_Education_Years
12.11,12.11,12.13,2029,Average_Education_Years
12.15,12.15,12.17,2030,Average_Education_Years
12.19,12.19,12.22,2031,Average_Education_Years
12.23,12.23,12.27,2032,Average_Education_Years
12.28,12.28,12.32,2033,Average_Education_Years
12.31,12.32,12.37,2034,Average_Education_Years
12.35,12.35,12.42,2035,Average_Education_Years
12.39,12.39,12.47,2036,Average_Education_Years
12.43,12.43,12.52,2037,Average_Education_Years
12.47,12.47,12.57,2038,Average_Education_Years
12.51,12.51,12.62,2039,Average_Education_Years
12.55,12.55,12.67,2040,Average_Education_Years
12.58,12.58,12.72,2041,Average_Education_Years
12.62,12.62,12.77,2042,Average_Education_Years
12.65,12.66,12.82,2043,Average_Education_Years
12.69,12.69,12.87,2044,Average_Education_Years
12.73,12.73,12.92,2045,Average_Education_Years
12.76,12.76,12.97,2046,Average_Education_Years
12.79,12.79,13.02,2047,Average_Education_Years
12.83,12.83,13.07,2048,Average_Education_Years
12.86,12.86,13.11,2049,Average_Education_Years
12.89,12.89,13.16,2050,Average_Education_Years
12.92,12.93,13.21,2051,Average_Education_Years
12.96,12.96,13.26,2052,Average_Education_Years
12.99,12.99,13.3,2053,Average_Education_Years
13.02,13.02,13.35,2054,Average_Education_Years
13.05,13.05,13.4,2055,Average_Education_Years
13.08,13.09,13.44,2056,Average_Education_Years
13.11,13.12,13.49,2057,Average_Education_Years
13.14,13.15,13.54,2058,Average_Education_Years
13.17,13.18,13.58,2059,Average_Education_Years
13.2,13.21,13.63,2060,Average_Education_Years
2.717,2.717,2.717,2020,Carbon_Emissions_from_Fossil
2.67,2.67,2.67,2021,Carbon_Emissions_from_Fossil
2.682,2.682,2.682,2022,Carbon_Emissions_from_Fossil
2.7,2.7,2.7,2023,Carbon_Emissions_from_Fossil
2.704,2.704,2.704,2024,Carbon_Emissions_from_Fossil
2.704,2.704,2.704,2025,Carbon_Emissions_from_Fossil
2.701,2.687,2.688,2026,Carbon_Emissions_from_Fossil
2.69,2.65,2.65,2027,Carbon_Emissions_from_Fossil
2.668,2.581,2.579,2028,Carbon_Emissions_from_Fossil
2.64,2.484,2.482,2029,Carbon_Emissions_from_Fossil
2.61,2.367,2.369,2030,Carbon_Emissions_from_Fossil
2.579,2.246,2.253,2031,Carbon_Emissions_from_Fossil
2.55,2.127,2.14,2032,Carbon_Emissions_from_Fossil
2.522,2.007,2.027,2033,Carbon_Emissions_from_Fossil
2.498,1.89,1.918,2034,Carbon_Emissions_from_Fossil
2.478,1.774,1.809,2035,Carbon_Emissions_from_Fossil
2.468,1.661,1.701,2036,Carbon_Emissions_from_Fossil
2.464,1.549,1.592,2037,Carbon_Emissions_from_Fossil
2.449,1.427,1.467,2038,Carbon_Emissions_from_Fossil
2.421,1.3,1.341,2039,Carbon_Emissions_from_Fossil
2.389,1.157,1.195,2040,Carbon_Emissions_from_Fossil
2.354,1.005,1.041,2041,Carbon_Emissions_from_Fossil
2.315,0.862,0.895,2042,Carbon_Emissions_from_Fossil
2.274,0.723,0.753,2043,Carbon_Emissions_from_Fossil
2.232,0.602,0.627,2044,Carbon_Emissions_from_Fossil
2.194,0.496,0.518,2045,Carbon_Emissions_from_Fossil
2.157,0.4,0.419,2046,Carbon_Emissions_from_Fossil
2.121,0.31,0.33,2047,Carbon_Emissions_from_Fossil
2.087,0.225,0.246,2048,Carbon_Emissions_from_Fossil
2.038,0.157,0.176,2049,Carbon_Emissions_from_Fossil
2.011,0.096,0.116,2050,Carbon_Emissions_from_Fossil
1.978,0.042,0.06,2051,Carbon_Emissions_from_Fossil
1.933,0.0,0.01,2052,Carbon_Emissions_from_Fossil
1.881,0.0,0.0,2053,Carbon_Emissions_from_Fossil
1.824,0.0,0.0,2054,Carbon_Emissions_from_Fossil
1.763,0.0,0.0,2055,Carbon_Emissions_from_Fossil
1.7,0.0,0.0,2056,Carbon_Emissions_from_Fossil
1.637,0.0,0.0,2057,Carbon_Emissions_from_Fossil
1.573,0.0,0.0,2058,Carbon_Emissions_from_Fossil
1.512,0.0,0.0,2059,Carbon_Emissions_from_Fossil
1.454,0.0,0.0,2060,Carbon_Emissions_from_Fossil
99.89,99.89,99.89,2020,Electricity_Access
99.92,99.92,99.92,2021,Electricity_Access
99.92,99.92,99.92,2022,Electricity_Access
99.93,99.93,99.93,2023,Electricity_Access
99.94,99.94,99.94,2024,Electricity_Access
99.94,100.0,100.0,2025,Electricity_Access
99.95,100.0,100.0,2026,Electricity_Access
99.95,100.0,100.0,2027,Electricity_Access
99.96,100.0,100.0,2028,Electricity_Access
99.96,100.0,100.0,2029,Electricity_Access
99.97,100.0,100.0,2030,Electricity_Access
99.98,100.0,100.0,2031,Electricity_Access
99.98,100.0,100.0,2032,Electricity_Access
99.99,100.0,100.0,2033,Electricity_Access
99.99,100.0,100.0,2034,Electricity_Access
100.0,100.0,100.0,2035,Electricity_Access
100.0,100.0,100.0,2036,Electricity_Access
100.0,100.0,100.0,2037,Electricity_Access
100.0,100.0,100.0,2038,Electricity_Access
100.0,100.0,100.0,2039,Electricity_Access
100.0,100.0,100.0,2040,Electricity_Access
100.0,100.0,100.0,2041,Electricity_Access
100.0,100.0,100.0,2042,Electricity_Access
100.0,100.0,100.0,2043,Electricity_Access
100.0,100.0,100.0,2044,Electricity_Access
100.0,100.0,100.0,2045,Electricity_Access
100.0,100.0,100.0,2046,Electricity_Access
100.0,100.0,100.0,2047,Electricity_Access
100.0,100.0,100.0,2048,Electricity_Access
100.0,100.0,100.0,2049,Electricity_Access
100.0,100.0,100.0,2050,Electricity_Access
100.0,100.0,100.0,2051,Electricity_Access
100.0,100.0,100.0,2052,Electricity_Access
100.0,100.0,100.0,2053,Electricity_Access
100.0,100.0,100.0,2054,Electricity_Access
100.0,100.0,100.0,2055,Electricity_Access
100.0,100.0,100.0,2056,Electricity_Access
100.0,100.0,100.0,2057,Electricity_Access
100.0,100.0,100.0,2058,Electricity_Access
100.0,100.0,100.0,2059,Electricity_Access
100.0,100.0,100.0,2060,Electricity_Access
8417.0,8417.0,8417.0,2020,Electricity_Use
8573.0,8573.0,8573.0,2021,Electricity_Use
8808.0,8808.0,8808.0,2022,Electricity_Use
9000.0,9000.0,9000.0,2023,Electricity_Use
9159.0,9159.0,9159.0,2024,Electricity_Use
9290.0,9291.0,9291.0,2025,Electricity_Use
9396.0,9272.0,9272.0,2026,Electricity_Use
9491.0,9238.0,9237.0,2027,Electricity_Use
9582.0,9201.0,9210.0,2028,Electricity_Use
9672.0,9163.0,9187.0,2029,Electricity_Use
9763.0,9127.0,9170.0,2030,Electricity_Use
9855.0,9096.0,9161.0,2031,Electricity_Use
9950.0,9067.0,9156.0,2032,Electricity_Use
10047.0,9038.0,9153.0,2033,Electricity_Use
10145.0,9007.0,9150.0,2034,Electricity_Use
10243.0,8973.0,9146.0,2035,Electricity_Use
10340.0,8934.0,9138.0,2036,Electricity_Use
10434.0,8887.0,9121.0,2037,Electricity_Use
10528.0,8815.0,9078.0,2038,Electricity_Use
10624.0,8735.0,9027.0,2039,Electricity_Use
10724.0,8652.0,8970.0,2040,Electricity_Use
10828.0,8632.0,8976.0,2041,Electricity_Use
10936.0,8611.0,8980.0,2042,Electricity_Use
11046.0,8586.0,8981.0,2043,Electricity_Use
11159.0,8560.0,8978.0,2044,Electricity_Use
11273.0,8530.0,8972.0,2045,Electricity_Use
11387.0,8495.0,8959.0,2046,Electricity_Use
11500.0,8454.0,8939.0,2047,Electricity_Use
11612.0,8440.0,8948.0,2048,Electricity_Use
11722.0,8419.0,8946.0,2049,Electricity_Use
11832.0,8392.0,8940.0,2050,Electricity_Use
11943.0,8359.0,8924.0,2051,Electricity_Use
12050.0,8317.0,8901.0,2052,Electricity_Use
12159.0,8270.0,8872.0,2053,Electricity_Use
12270.0,8218.0,8840.0,2054,Electricity_Use
12384.0,8161.0,8800.0,2055,Electricity_Use
12502.0,8120.0,8778.0,2056,Electricity_Use
12622.0,8071.0,8744.0,2057,Electricity_Use
12744.0,8020.0,8710.0,2058,Electricity_Use
12866.0,7970.0,8672.0,2059,Electricity_Use
12921.0,7884.0,8593.0,2060,Electricity_Use
47184.0,47184.0,47184.0,2020,Energy_Demand_per_capita
46700.0,46700.0,46700.0,2021,Energy_Demand_per_capita
47064.0,47064.0,47064.0,2022,Energy_Demand_per_capita
47191.0,47191.0,47191.0,2023,Energy_Demand_per_capita
47308.0,47308.0,47308.0,2024,Energy_Demand_per_capita
47367.0,47367.0,47367.0,2025,Energy_Demand_per_capita
47329.0,46714.0,46713.0,2026,Energy_Demand_per_capita
47263.0,46030.0,46025.0,2027,Energy_Demand_per_capita
47253.0,45411.0,45453.0,2028,Energy_Demand_per_capita
47257.0,44822.0,44929.0,2029,Energy_Demand_per_capita
47282.0,44271.0,44461.0,2030,Energy_Demand_per_capita
47329.0,43761.0,44045.0,2031,Energy_Demand_per_capita
47396.0,43280.0,43666.0,2032,Energy_Demand_per_capita
47477.0,42808.0,43304.0,2033,Energy_Demand_per_capita
47565.0,42342.0,42953.0,2034,Energy_Demand_per_capita
47654.0,41870.0,42599.0,2035,Energy_Demand_per_capita
47741.0,41380.0,42232.0,2036,Energy_Demand_per_capita
47815.0,40866.0,41835.0,2037,Energy_Demand_per_capita
47888.0,40175.0,41252.0,2038,Energy_Demand_per_capita
47967.0,39466.0,40648.0,2039,Energy_Demand_per_capita
48067.0,38750.0,40025.0,2040,Energy_Demand_per_capita
48186.0,38307.0,39667.0,2041,Energy_Demand_per_capita
48314.0,37866.0,39307.0,2042,Energy_Demand_per_capita
48451.0,37419.0,38936.0,2043,Energy_Demand_per_capita
48597.0,36968.0,38558.0,2044,Energy_Demand_per_capita
48747.0,36512.0,38169.0,2045,Energy_Demand_per_capita
48893.0,36038.0,37755.0,2046,Energy_Demand_per_capita
49034.0,35545.0,37319.0,2047,Energy_Demand_per_capita
49165.0,35268.0,37108.0,2048,Energy_Demand_per_capita
49292.0,34965.0,36855.0,2049,Energy_Demand_per_capita
49414.0,34642.0,36586.0,2050,Energy_Demand_per_capita
49529.0,34298.0,36282.0,2051,Energy_Demand_per_capita
49637.0,33927.0,35958.0,2052,Energy_Demand_per_capita
49748.0,33534.0,35631.0,2053,Energy_Demand_per_capita
49868.0,33132.0,35287.0,2054,Energy_Demand_per_capita
49998.0,32713.0,34922.0,2055,Energy_Demand_per_capita
50140.0,32360.0,34622.0,2056,Energy_Demand_per_capita
50291.0,31956.0,34265.0,2057,Energy_Demand_per_capita
50445.0,31555.0,33905.0,2058,Energy_Demand_per_capita
50596.0,31166.0,33537.0,2059,Energy_Demand_per_capita
50736.0,30801.0,33182.0,2060,Energy_Demand_per_capita
1.2699,1.2699,1.2699,2020,Energy_Demand_Relative_to_GDP
1.18675,1.18675,1.18675,2021,Energy_Demand_Relative_to_GDP
1.16852,1.16852,1.16852,2022,Energy_Demand_Relative_to_GDP
1.15387,1.15387,1.15387,2023,Energy_Demand_Relative_to_GDP
1.13554,1.13554,1.13554,2024,Energy_Demand_Relative_to_GDP
1.11693,1.11694,1.11694,2025,Energy_Demand_Relative_to_GDP
1.09586,1.08164,1.08161,2026,Energy_Demand_Relative_to_GDP
1.07483,1.04677,1.04495,2027,Energy_Demand_Relative_to_GDP
1.05524,1.01392,1.01093,2028,Energy_Demand_Relative_to_GDP
1.03637,0.98236,0.97808,2029,Energy_Demand_Relative_to_GDP
1.01814,0.95207,0.9466,2030,Energy_Demand_Relative_to_GDP
1.00056,0.92336,0.91664,2031,Energy_Demand_Relative_to_GDP
0.98373,0.89592,0.88786,2032,Energy_Demand_Relative_to_GDP
0.9675,0.86955,0.86007,2033,Energy_Demand_Relative_to_GDP
0.95178,0.84403,0.83305,2034,Energy_Demand_Relative_to_GDP
0.93648,0.81915,0.80658,2035,Energy_Demand_Relative_to_GDP
0.9218,0.79511,0.7813,2036,Energy_Demand_Relative_to_GDP
0.90733,0.77135,0.75652,2037,Energy_Demand_Relative_to_GDP
0.89325,0.7452,0.72944,2038,Energy_Demand_Relative_to_GDP
0.87958,0.7196,0.70317,2039,Energy_Demand_Relative_to_GDP
0.86647,0.69464,0.67767,2040,Energy_Demand_Relative_to_GDP
0.85399,0.67508,0.65737,2041,Energy_Demand_Relative_to_GDP
0.84189,0.65601,0.63757,2042,Energy_Demand_Relative_to_GDP
0.83017,0.63728,0.61818,2043,Energy_Demand_Relative_to_GDP
0.81882,0.61899,0.59931,2044,Energy_Demand_Relative_to_GDP
0.80787,0.60115,0.58092,2045,Energy_Demand_Relative_to_GDP
0.79715,0.58362,0.56288,2046,Energy_Demand_Relative_to_GDP
0.7867,0.56632,0.54519,2047,Energy_Demand_Relative_to_GDP
0.77642,0.55301,0.53157,2048,Energy_Demand_Relative_to_GDP
0.76633,0.53967,0.51751,2049,Energy_Demand_Relative_to_GDP
0.75626,0.52636,0.50406,2050,Energy_Demand_Relative_to_GDP
0.74683,0.51347,0.49058,2051,Energy_Demand_Relative_to_GDP
0.73745,0.50049,0.47755,2052,Energy_Demand_Relative_to_GDP
0.72818,0.4876,0.46472,2053,Energy_Demand_Relative_to_GDP
0.71907,0.47481,0.45226,2054,Energy_Demand_Relative_to_GDP
0.7101,0.46209,0.43967,2055,Energy_Demand_Relative_to_GDP
0.70133,0.45048,0.42845,2056,Energy_Demand_Relative_to_GDP
0.69278,0.43848,0.41659,2057,Energy_Demand_Relative_to_GDP
0.68452,0.42676,0.40533,2058,Energy_Demand_Relative_to_GDP
0.67651,0.41555,0.39402,2059,Energy_Demand_Relative_to_GDP
0.66873,0.40488,0.38354,2060,Energy_Demand_Relative_to_GDP
47468.0,47468.0,47468.0,2020,Fossil_Fuel_Production
47590.0,47590.0,47590.0,2021,Fossil_Fuel_Production
47688.0,47688.0,47688.0,2022,Fossil_Fuel_Production
47596.0,47596.0,47596.0,2023,Fossil_Fuel_Production
47700.0,47700.0,47700.0,2024,Fossil_Fuel_Production
47816.0,47816.0,47816.0,2025,Fossil_Fuel_Production
47839.0,47839.0,47839.0,2026,Fossil_Fuel_Production
47773.0,47524.0,47519.0,2027,Fossil_Fuel_Production
47634.0,46842.0,46827.0,2028,Fossil_Fuel_Production
47398.0,45837.0,45834.0,2029,Fossil_Fuel_Production
47088.0,44647.0,44679.0,2030,Fossil_Fuel_Production
46800.0,43455.0,43551.0,2031,Fossil_Fuel_Production
46523.0,42186.0,42373.0,2032,Fossil_Fuel_Production
46309.0,40743.0,41034.0,2033,Fossil_Fuel_Production
46168.0,39271.0,39666.0,2034,Fossil_Fuel_Production
46102.0,37824.0,38311.0,2035,Fossil_Fuel_Production
46090.0,36364.0,36916.0,2036,Fossil_Fuel_Production
46113.0,34874.0,35458.0,2037,Fossil_Fuel_Production
45989.0,33299.0,33893.0,2038,Fossil_Fuel_Production
45721.0,31409.0,31995.0,2039,Fossil_Fuel_Production
45430.0,29253.0,29821.0,2040,Fossil_Fuel_Production
45078.0,26934.0,27470.0,2041,Fossil_Fuel_Production
44707.0,24619.0,25120.0,2042,Fossil_Fuel_Production
44301.0,22430.0,22882.0,2043,Fossil_Fuel_Production
43908.0,20455.0,20848.0,2044,Fossil_Fuel_Production
43527.0,18776.0,19119.0,2045,Fossil_Fuel_Production
43178.0,17179.0,17502.0,2046,Fossil_Fuel_Production
42818.0,15705.0,16034.0,2047,Fossil_Fuel_Production
42432.0,14371.0,14663.0,2048,Fossil_Fuel_Production
41996.0,13210.0,13510.0,2049,Fossil_Fuel_Production
41872.0,12194.0,12467.0,2050,Fossil_Fuel_Production
41568.0,11289.0,11535.0,2051,Fossil_Fuel_Production
41050.0,10440.0,10663.0,2052,Fossil_Fuel_Production
40428.0,9652.0,9868.0,2053,Fossil_Fuel_Production
39733.0,8912.0,9099.0,2054,Fossil_Fuel_Production
38979.0,8211.0,8389.0,2055,Fossil_Fuel_Production
38180.0,7548.0,7697.0,2056,Fossil_Fuel_Production
37349.0,6928.0,7067.0,2057,Fossil_Fuel_Production
36501.0,6343.0,6456.0,2058,Fossil_Fuel_Production
35639.0,5802.0,5913.0,2059,Fossil_Fuel_Production
34782.0,5302.0,5392.0,2060,Fossil_Fuel_Production
41.54,41.54,41.54,2020,GDP_(MER)
44.05,44.05,44.05,2021,GDP_(MER)
45.13,45.13,45.13,2022,GDP_(MER)
45.85,45.85,45.85,2023,GDP_(MER)
46.72,46.72,46.72,2024,GDP_(MER)
47.56,47.56,47.56,2025,GDP_(MER)
48.43,48.43,48.43,2026,GDP_(MER)
49.31,49.31,49.39,2027,GDP_(MER)
50.2,50.21,50.41,2028,GDP_(MER)
51.11,51.14,51.5,2029,GDP_(MER)
52.04,52.11,52.65,2030,GDP_(MER)
52.99,53.09,53.84,2031,GDP_(MER)
53.94,54.09,55.09,2032,GDP_(MER)
54.91,55.09,56.38,2033,GDP_(MER)
55.88,56.1,57.71,2034,GDP_(MER)
56.86,57.12,59.08,2035,GDP_(MER)
57.82,58.11,60.42,2036,GDP_(MER)
58.78,59.1,61.78,2037,GDP_(MER)
59.74,60.08,63.13,2038,GDP_(MER)
60.7,61.05,64.47,2039,GDP_(MER)
61.67,62.02,65.81,2040,GDP_(MER)
62.64,63.0,67.16,2041,GDP_(MER)
63.62,64.0,68.53,2042,GDP_(MER)
64.6,65.0,69.92,2043,GDP_(MER)
65.58,66.0,71.32,2044,GDP_(MER)
66.54,66.99,72.71,2045,GDP_(MER)
67.5,67.97,74.1,2046,GDP_(MER)
68.45,68.94,75.47,2047,GDP_(MER)
69.38,69.89,76.81,2048,GDP_(MER)
70.3,70.83,78.18,2049,GDP_(MER)
71.23,71.76,79.5,2050,GDP_(MER)
72.1,72.64,80.81,2051,GDP_(MER)
72.98,73.51,82.06,2052,GDP_(MER)
73.86,74.37,83.34,2053,GDP_(MER)
74.76,75.24,84.58,2054,GDP_(MER)
75.67,76.1,85.86,2055,GDP_(MER)
76.6,76.98,87.1,2056,GDP_(MER)
77.54,77.86,88.4,2057,GDP_(MER)
78.47,78.75,89.64,2058,GDP_(MER)
79.39,79.63,90.94,2059,GDP_(MER)
80.28,80.52,92.16,2060,GDP_(MER)
43.44,43.44,43.44,2020,GDP_per_capita_(PPP)
45.77,45.77,45.77,2021,GDP_per_capita_(PPP)
46.5,46.5,46.5,2022,GDP_per_capita_(PPP)
47.12,47.12,47.12,2023,GDP_per_capita_(PPP)
47.87,47.87,47.87,2024,GDP_per_capita_(PPP)
48.61,48.61,48.61,2025,GDP_per_capita_(PPP)
49.37,49.37,49.36,2026,GDP_per_capita_(PPP)
50.16,50.16,50.25,2027,GDP_per_capita_(PPP)
50.97,50.98,51.17,2028,GDP_per_capita_(PPP)
51.78,51.81,52.15,2029,GDP_per_capita_(PPP)
52.62,52.68,53.2,2030,GDP_per_capita_(PPP)
53.47,53.57,54.29,2031,GDP_per_capita_(PPP)
54.34,54.48,55.43,2032,GDP_per_capita_(PPP)
55.22,55.39,56.6,2033,GDP_per_capita_(PPP)
56.11,56.31,57.82,2034,GDP_per_capita_(PPP)
57.0,57.24,59.08,2035,GDP_per_capita_(PPP)
57.88,58.15,60.31,2036,GDP_per_capita_(PPP)
58.76,59.07,61.57,2037,GDP_per_capita_(PPP)
59.65,59.98,62.84,2038,GDP_per_capita_(PPP)
60.56,60.9,64.12,2039,GDP_per_capita_(PPP)
61.49,61.83,65.39,2040,GDP_per_capita_(PPP)
62.43,62.78,66.68,2041,GDP_per_capita_(PPP)
63.38,63.74,68.0,2042,GDP_per_capita_(PPP)
64.34,64.72,69.35,2043,GDP_per_capita_(PPP)
65.31,65.72,70.71,2044,GDP_per_capita_(PPP)
66.28,66.71,72.08,2045,GDP_per_capita_(PPP)
67.26,67.7,73.46,2046,GDP_per_capita_(PPP)
68.23,68.7,74.85,2047,GDP_per_capita_(PPP)
69.2,69.68,76.21,2048,GDP_per_capita_(PPP)
70.17,70.67,77.61,2049,GDP_per_capita_(PPP)
71.16,71.67,78.98,2050,GDP_per_capita_(PPP)
72.11,72.62,80.35,2051,GDP_per_capita_(PPP)
73.07,73.58,81.73,2052,GDP_per_capita_(PPP)
74.05,74.53,83.13,2053,GDP_per_capita_(PPP)
75.05,75.5,84.52,2054,GDP_per_capita_(PPP)
76.07,76.48,85.95,2055,GDP_per_capita_(PPP)
77.12,77.48,87.36,2056,GDP_per_capita_(PPP)
78.19,78.48,88.83,2057,GDP_per_capita_(PPP)
79.25,79.52,90.26,2058,GDP_per_capita_(PPP)
80.3,80.58,91.75,2059,GDP_per_capita_(PPP)
81.37,81.65,93.17,2060,GDP_per_capita_(PPP)
0.884,0.884,0.884,2020,HDI
0.889,0.889,0.889,2021,HDI
0.89,0.89,0.89,2022,HDI
0.892,0.892,0.892,2023,HDI
0.894,0.894,0.894,2024,HDI
0.896,0.896,0.896,2025,HDI
0.898,0.898,0.899,2026,HDI
0.9,0.9,0.901,2027,HDI
0.902,0.902,0.904,2028,HDI
0.903,0.903,0.906,2029,HDI
0.905,0.905,0.909,2030,HDI
0.907,0.907,0.912,2031,HDI
0.909,0.909,0.914,2032,HDI
0.911,0.911,0.917,2033,HDI
0.912,0.913,0.92,2034,HDI
0.914,0.915,0.922,2035,HDI
0.916,0.916,0.925,2036,HDI
0.918,0.918,0.928,2037,HDI
0.92,0.92,0.93,2038,HDI
0.921,0.922,0.933,2039,HDI
0.923,0.924,0.935,2040,HDI
0.925,0.925,0.938,2041,HDI
0.927,0.927,0.94,2042,HDI
0.928,0.929,0.942,2043,HDI
0.93,0.931,0.945,2044,HDI
0.932,0.933,0.947,2045,HDI
0.934,0.934,0.949,2046,HDI
0.935,0.936,0.952,2047,HDI
0.937,0.938,0.954,2048,HDI
0.939,0.939,0.956,2049,HDI
0.94,0.941,0.958,2050,HDI
0.942,0.942,0.96,2051,HDI
0.943,0.944,0.962,2052,HDI
0.945,0.946,0.964,2053,HDI
0.946,0.947,0.966,2054,HDI
0.948,0.949,0.968,2055,HDI
0.95,0.95,0.97,2056,HDI
0.951,0.952,0.972,2057,HDI
0.953,0.953,0.974,2058,HDI
0.955,0.955,0.976,2059,HDI
0.956,0.957,0.978,2060,HDI
2.121,2.121,2.121,2020,Malnourished_Headcount
2.077,2.077,2.077,2021,Malnourished_Headcount
2.642,2.642,2.642,2022,Malnourished_Headcount
2.652,2.652,2.652,2023,Malnourished_Headcount
2.394,2.394,2.394,2024,Malnourished_Headcount
2.08,2.08,2.061,2025,Malnourished_Headcount
1.835,1.834,1.727,2026,Malnourished_Headcount
1.664,1.665,1.47,2027,Malnourished_Headcount
1.536,1.537,1.265,2028,Malnourished_Headcount
1.428,1.428,1.093,2029,Malnourished_Headcount
1.331,1.33,0.946,2030,Malnourished_Headcount
1.242,1.24,0.817,2031,Malnourished_Headcount
1.16,1.155,0.702,2032,Malnourished_Headcount
1.085,1.077,0.603,2033,Malnourished_Headcount
1.018,1.008,0.523,2034,Malnourished_Headcount
0.962,0.952,0.456,2035,Malnourished_Headcount
0.907,0.898,0.393,2036,Malnourished_Headcount
0.862,0.852,0.339,2037,Malnourished_Headcount
0.823,0.812,0.295,2038,Malnourished_Headcount
0.79,0.778,0.258,2039,Malnourished_Headcount
0.761,0.749,0.224,2040,Malnourished_Headcount
0.736,0.724,0.212,2041,Malnourished_Headcount
0.715,0.703,0.201,2042,Malnourished_Headcount
0.699,0.685,0.19,2043,Malnourished_Headcount
0.716,0.698,0.179,2044,Malnourished_Headcount
0.742,0.724,0.168,2045,Malnourished_Headcount
0.771,0.753,0.158,2046,Malnourished_Headcount
0.802,0.783,0.147,2047,Malnourished_Headcount
0.835,0.817,0.138,2048,Malnourished_Headcount
0.868,0.85,0.164,2049,Malnourished_Headcount
0.832,0.814,0.157,2050,Malnourished_Headcount
0.795,0.777,0.149,2051,Malnourished_Headcount
0.757,0.74,0.14,2052,Malnourished_Headcount
0.72,0.703,0.131,2053,Malnourished_Headcount
0.682,0.667,0.123,2054,Malnourished_Headcount
0.643,0.629,0.114,2055,Malnourished_Headcount
0.605,0.593,0.105,2056,Malnourished_Headcount
0.567,0.557,0.097,2057,Malnourished_Headcount
0.53,0.522,0.088,2058,Malnourished_Headcount
0.495,0.486,0.08,2059,Malnourished_Headcount
0.46,0.454,0.073,2060,Malnourished_Headcount
0.19,0.19,0.19,2020,Malnourishment_Rate
0.186,0.186,0.186,2021,Malnourishment_Rate
0.236,0.236,0.236,2022,Malnourishment_Rate
0.237,0.237,0.237,2023,Malnourishment_Rate
0.214,0.214,0.214,2024,Malnourishment_Rate
0.185,0.185,0.184,2025,Malnourishment_Rate
0.164,0.164,0.154,2026,Malnourishment_Rate
0.148,0.148,0.131,2027,Malnourishment_Rate
0.137,0.137,0.113,2028,Malnourishment_Rate
0.127,0.127,0.098,2029,Malnourishment_Rate
0.119,0.119,0.084,2030,Malnourishment_Rate
0.111,0.111,0.073,2031,Malnourishment_Rate
0.104,0.103,0.063,2032,Malnourishment_Rate
0.097,0.096,0.054,2033,Malnourishment_Rate
0.091,0.09,0.047,2034,Malnourishment_Rate
0.086,0.085,0.041,2035,Malnourishment_Rate
0.081,0.08,0.035,2036,Malnourishment_Rate
0.077,0.076,0.03,2037,Malnourishment_Rate
0.074,0.073,0.026,2038,Malnourishment_Rate
0.071,0.07,0.023,2039,Malnourishment_Rate
0.068,0.067,0.02,2040,Malnourishment_Rate
0.066,0.065,0.019,2041,Malnourishment_Rate
0.065,0.063,0.018,2042,Malnourishment_Rate
0.063,0.062,0.017,2043,Malnourishment_Rate
0.065,0.063,0.016,2044,Malnourishment_Rate
0.067,0.066,0.015,2045,Malnourishment_Rate
0.07,0.068,0.014,2046,Malnourishment_Rate
0.073,0.071,0.013,2047,Malnourishment_Rate
0.076,0.075,0.013,2048,Malnourishment_Rate
0.079,0.078,0.015,2049,Malnourishment_Rate
0.076,0.075,0.014,2050,Malnourishment_Rate
0.073,0.071,0.014,2051,Malnourishment_Rate
0.07,0.068,0.013,2052,Malnourishment_Rate
0.067,0.065,0.012,2053,Malnourishment_Rate
0.063,0.062,0.011,2054,Malnourishment_Rate
0.06,0.059,0.011,2055,Malnourishment_Rate
0.056,0.055,0.01,2056,Malnourishment_Rate
0.053,0.052,0.009,2057,Malnourishment_Rate
0.05,0.049,0.008,2058,Malnourishment_Rate
0.047,0.046,0.008,2059,Malnourishment_Rate
0.043,0.043,0.007,2060,Malnourishment_Rate
1.263,1.263,1.263,2020,Population_without_electricity_
0.931,0.931,0.931,2021,Population_without_electricity_
0.93,0.93,0.93,2022,Population_without_electricity_
0.807,0.807,0.807,2023,Population_without_electricity_
0.682,0.682,0.682,2024,Population_without_electricity_
0.627,0.0,0.0,2025,Population_without_electricity_
0.592,0.0,0.0,2026,Population_without_electricity_
0.529,0.0,0.0,2027,Population_without_electricity_
0.469,0.0,0.0,2028,Population_without_electricity_
0.406,0.0,0.0,2029,Population_without_electricity_
0.341,0.0,0.0,2030,Population_without_electricity_
0.275,0.0,0.0,2031,Population_without_electricity_
0.209,0.0,0.0,2032,Population_without_electricity_
0.144,0.0,0.0,2033,Population_without_electricity_
0.082,0.0,0.0,2034,Population_without_electricity_
0.023,0.0,0.0,2035,Population_without_electricity_
0.0,0.0,0.0,2036,Population_without_electricity_
0.0,0.0,0.0,2037,Population_without_electricity_
0.0,0.0,0.0,2038,Population_without_electricity_
0.0,0.0,0.0,2039,Population_without_electricity_
0.0,0.0,0.0,2040,Population_without_electricity_
0.0,0.0,0.0,2041,Population_without_electricity_
0.0,0.0,0.0,2042,Population_without_electricity_
0.0,0.0,0.0,2043,Population_without_electricity_
0.0,0.0,0.0,2044,Population_without_electricity_
0.0,0.0,0.0,2045,Population_without_electricity_
0.0,0.0,0.0,2046,Population_without_electricity_
0.0,0.0,0.0,2047,Population_without_electricity_
0.0,0.0,0.0,2048,Population_without_electricity_
0.0,0.0,0.0,2049,Population_without_electricity_
0.0,0.0,0.0,2050,Population_without_electricity_
0.0,0.0,0.0,2051,Population_without_electricity_
0.0,0.0,0.0,2052,Population_without_electricity_
0.0,0.0,0.0,2053,Population_without_electricity_
0.0,0.0,0.0,2054,Population_without_electricity_
0.0,0.0,0.0,2055,Population_without_electricity_
0.0,0.0,0.0,2056,Population_without_electricity_
0.0,0.0,0.0,2057,Population_without_electricity_
0.0,0.0,0.0,2058,Population_without_electricity_
0.0,0.0,0.0,2059,Population_without_electricity_
0.0,0.0,0.0,2060,Population_without_electricity_
3.138,3.138,3.138,2020,Poverty_Headcount
2.803,2.803,2.803,2021,Poverty_Headcount
2.52,2.52,2.52,2022,Poverty_Headcount
2.812,2.812,2.812,2023,Poverty_Headcount
2.776,2.776,2.776,2024,Poverty_Headcount
2.585,2.585,2.258,2025,Poverty_Headcount
2.398,2.395,1.832,2026,Poverty_Headcount
2.209,2.209,1.511,2027,Poverty_Headcount
2.106,2.108,1.301,2028,Poverty_Headcount
1.952,1.954,1.087,2029,Poverty_Headcount
1.774,1.775,0.886,2030,Poverty_Headcount
1.6,1.603,0.708,2031,Poverty_Headcount
1.468,1.471,0.562,2032,Poverty_Headcount
1.349,1.353,0.442,2033,Poverty_Headcount
1.248,1.253,0.35,2034,Poverty_Headcount
1.163,1.17,0.277,2035,Poverty_Headcount
1.087,1.093,0.22,2036,Poverty_Headcount
1.015,1.02,0.174,2037,Poverty_Headcount
0.943,0.946,0.155,2038,Poverty_Headcount
0.871,0.872,0.137,2039,Poverty_Headcount
0.8,0.799,0.12,2040,Poverty_Headcount
0.734,0.73,0.105,2041,Poverty_Headcount
0.674,0.667,0.09,2042,Poverty_Headcount
0.619,0.609,0.076,2043,Poverty_Headcount
0.57,0.558,0.065,2044,Poverty_Headcount
0.527,0.513,0.056,2045,Poverty_Headcount
0.489,0.473,0.048,2046,Poverty_Headcount
0.454,0.439,0.043,2047,Poverty_Headcount
0.423,0.407,0.038,2048,Poverty_Headcount
0.393,0.38,0.034,2049,Poverty_Headcount
0.366,0.354,0.03,2050,Poverty_Headcount
0.34,0.33,0.027,2051,Poverty_Headcount
0.315,0.306,0.024,2052,Poverty_Headcount
0.291,0.282,0.021,2053,Poverty_Headcount
0.268,0.26,0.018,2054,Poverty_Headcount
0.246,0.239,0.016,2055,Poverty_Headcount
0.227,0.22,0.013,2056,Poverty_Headcount
0.209,0.203,0.012,2057,Poverty_Headcount
0.19,0.187,0.01,2058,Poverty_Headcount
0.174,0.173,0.009,2059,Poverty_Headcount
0.16,0.16,0.007,2060,Poverty_Headcount
0.281,0.281,0.281,2020,Poverty_Rate
0.25,0.25,0.25,2021,Poverty_Rate
0.225,0.225,0.225,2022,Poverty_Rate
0.251,0.251,0.251,2023,Poverty_Rate
0.248,0.248,0.248,2024,Poverty_Rate
0.23,0.23,0.201,2025,Poverty_Rate
0.214,0.214,0.163,2026,Poverty_Rate
0.197,0.197,0.135,2027,Poverty_Rate
0.188,0.188,0.116,2028,Poverty_Rate
0.174,0.174,0.097,2029,Poverty_Rate
0.158,0.158,0.079,2030,Poverty_Rate
0.143,0.143,0.063,2031,Poverty_Rate
0.131,0.131,0.05,2032,Poverty_Rate
0.121,0.121,0.04,2033,Poverty_Rate
0.112,0.112,0.031,2034,Poverty_Rate
0.104,0.105,0.025,2035,Poverty_Rate
0.097,0.098,0.02,2036,Poverty_Rate
0.091,0.091,0.016,2037,Poverty_Rate
0.085,0.085,0.014,2038,Poverty_Rate
0.078,0.078,0.012,2039,Poverty_Rate
0.072,0.072,0.011,2040,Poverty_Rate
0.066,0.066,0.009,2041,Poverty_Rate
0.061,0.06,0.008,2042,Poverty_Rate
0.056,0.055,0.007,2043,Poverty_Rate
0.052,0.05,0.006,2044,Poverty_Rate
0.048,0.046,0.005,2045,Poverty_Rate
0.044,0.043,0.004,2046,Poverty_Rate
0.041,0.04,0.004,2047,Poverty_Rate
0.039,0.037,0.003,2048,Poverty_Rate
0.036,0.035,0.003,2049,Poverty_Rate
0.034,0.032,0.003,2050,Poverty_Rate
0.031,0.03,0.002,2051,Poverty_Rate
0.029,0.028,0.002,2052,Poverty_Rate
0.027,0.026,0.002,2053,Poverty_Rate
0.025,0.024,0.002,2054,Poverty_Rate
0.023,0.022,0.001,2055,Poverty_Rate
0.021,0.021,0.001,2056,Poverty_Rate
0.02,0.019,0.001,2057,Poverty_Rate
0.018,0.018,0.001,2058,Poverty_Rate
0.016,0.016,0.001,2059,Poverty_Rate
0.015,0.015,0.001,2060,Poverty_Rate
3458.0,3458.0,3458.0,2020,Renewable_Production
3581.0,3581.0,3581.0,2021,Renewable_Production
3781.0,3781.0,3781.0,2022,Renewable_Production
3975.0,3975.0,3975.0,2023,Renewable_Production
4227.0,4227.0,4227.0,2024,Renewable_Production
4521.0,4521.0,4521.0,2025,Renewable_Production
4828.0,4903.0,4903.0,2026,Renewable_Production
5140.0,5380.0,5378.0,2027,Renewable_Production
5444.0,5888.0,5879.0,2028,Renewable_Production
5730.0,6460.0,6451.0,2029,Renewable_Production
6014.0,7125.0,7125.0,2030,Renewable_Production
6318.0,7805.0,7833.0,2031,Renewable_Production
6643.0,8551.0,8629.0,2032,Renewable_Production
6999.0,9394.0,9546.0,2033,Renewable_Production
7393.0,10362.0,10615.0,2034,Renewable_Production
7825.0,11566.0,11956.0,2035,Renewable_Production
8314.0,12888.0,13444.0,2036,Renewable_Production
8842.0,14436.0,15186.0,2037,Renewable_Production
9396.0,16069.0,17014.0,2038,Renewable_Production
9929.0,17730.0,18858.0,2039,Renewable_Production
10458.0,19274.0,20567.0,2040,Renewable_Production
10984.0,20687.0,22117.0,2041,Renewable_Production
11525.0,22048.0,23618.0,2042,Renewable_Production
12089.0,23362.0,25084.0,2043,Renewable_Production
12702.0,24627.0,26517.0,2044,Renewable_Production
13361.0,25832.0,27871.0,2045,Renewable_Production
14098.0,26911.0,29103.0,2046,Renewable_Production
14900.0,27915.0,30262.0,2047,Renewable_Production
15765.0,28620.0,30601.0,2048,Renewable_Production
16667.0,29230.0,31684.0,2049,Renewable_Production
17605.0,29925.0,32109.0,2050,Renewable_Production
18539.0,30435.0,33077.0,2051,Renewable_Production
19468.0,31085.0,33488.0,2052,Renewable_Production
20404.0,31539.0,34422.0,2053,Renewable_Production
21350.0,32072.0,34651.0,2054,Renewable_Production
22319.0,32321.0,35408.0,2055,Renewable_Production
23318.0,32654.0,35331.0,2056,Renewable_Production
24356.0,32754.0,35993.0,2057,Renewable_Production
25449.0,32863.0,35617.0,2058,Renewable_Production
26590.0,32778.0,36177.0,2059,Renewable_Production
27479.0,32794.0,35578.0,2060,Renewable_Production
6.086,6.086,6.086,2020,Renewable_Share
6.282,6.282,6.282,2021,Renewable_Share
6.601,6.601,6.601,2022,Renewable_Share
6.931,6.931,6.931,2023,Renewable_Share
7.324,7.324,7.324,2024,Renewable_Share
7.779,7.779,7.779,2025,Renewable_Share
8.265,8.382,8.382,2026,Renewable_Share
8.769,9.187,9.184,2027,Renewable_Share
9.272,10.11,10.1,2028,Renewable_Share
9.767,11.22,11.2,2029,Renewable_Share
10.27,12.53,12.53,2030,Renewable_Share
10.81,13.91,13.92,2031,Renewable_Share
11.37,15.43,15.49,2032,Renewable_Share
11.97,17.19,17.32,2033,Renewable_Share
12.61,19.19,19.41,2034,Renewable_Share
13.28,21.57,21.91,2035,Renewable_Share
14.01,24.14,24.65,2036,Renewable_Share
14.78,27.06,27.74,2037,Renewable_Share
15.61,30.15,30.99,2038,Renewable_Share
16.45,33.48,34.47,2039,Renewable_Share
17.29,36.92,38.01,2040,Renewable_Share
18.13,40.44,41.6,2041,Renewable_Share
19.01,44.04,45.27,2042,Renewable_Share
19.92,47.63,48.94,2043,Renewable_Share
20.88,51.1,52.5,2044,Renewable_Share
21.9,54.3,55.76,2045,Renewable_Share
22.99,57.37,58.85,2046,Renewable_Share
24.15,60.29,61.75,2047,Renewable_Share
25.39,62.84,63.96,2048,Renewable_Share
26.68,65.13,66.47,2049,Renewable_Share
27.85,67.31,68.4,2050,Renewable_Share
29.08,69.21,70.54,2051,Renewable_Share
30.39,71.14,72.26,2052,Renewable_Share
31.74,72.88,74.18,2053,Renewable_Share
33.13,74.6,75.69,2054,Renewable_Share
34.57,76.13,77.41,2055,Renewable_Share
36.05,77.66,78.71,2056,Renewable_Share
37.59,79.03,80.27,2057,Renewable_Share
39.17,80.37,81.37,2058,Renewable_Share
40.81,81.56,82.76,2059,Renewable_Share
42.2,82.75,83.68,2060,Renewable_Share
1.062,1.062,1.062,2020,Temperature_Change
1.113,1.113,1.113,2021,Temperature_Change
1.166,1.166,1.166,2022,Temperature_Change
1.22,1.22,1.22,2023,Temperature_Change
1.274,1.274,1.274,2024,Temperature_Change
1.328,1.328,1.328,2025,Temperature_Change
1.383,1.383,1.381,2026,Temperature_Change
1.438,1.438,1.433,2027,Temperature_Change
1.493,1.491,1.482,2028,Temperature_Change
1.548,1.542,1.527,2029,Temperature_Change
1.603,1.591,1.569,2030,Temperature_Change
1.658,1.638,1.606,2031,Temperature_Change
1.712,1.681,1.64,2032,Temperature_Change
1.766,1.722,1.669,2033,Temperature_Change
1.82,1.76,1.695,2034,Temperature_Change
1.874,1.796,1.717,2035,Temperature_Change
1.928,1.829,1.735,2036,Temperature_Change
1.981,1.86,1.749,2037,Temperature_Change
2.035,1.889,1.759,2038,Temperature_Change
2.088,1.914,1.765,2039,Temperature_Change
2.141,1.937,1.766,2040,Temperature_Change
2.193,1.957,1.763,2041,Temperature_Change
2.244,1.973,1.758,2042,Temperature_Change
2.294,1.987,1.75,2043,Temperature_Change
2.344,1.998,1.741,2044,Temperature_Change
2.393,2.006,1.731,2045,Temperature_Change
2.441,2.012,1.719,2046,Temperature_Change
2.489,2.016,1.706,2047,Temperature_Change
2.536,2.018,1.693,2048,Temperature_Change
2.582,2.019,1.678,2049,Temperature_Change
2.626,2.017,1.664,2050,Temperature_Change
2.671,2.015,1.649,2051,Temperature_Change
2.714,2.011,1.633,2052,Temperature_Change
2.755,2.005,1.618,2053,Temperature_Change
2.796,1.999,1.602,2054,Temperature_Change
2.836,1.991,1.586,2055,Temperature_Change
2.874,1.982,1.57,2056,Temperature_Change
2.911,1.973,1.554,2057,Temperature_Change
2.946,1.962,1.539,2058,Temperature_Change
2.981,1.95,1.523,2059,Temperature_Change
3.014,1.937,1.508,2060,Temperature_Change
0.19,0.19,0.19,2020,Traditional_Cookstove_Use(%ofh)
0.164,0.164,0.164,2021,Traditional_Cookstove_Use(%ofh)
0.165,0.165,0.165,2022,Traditional_Cookstove_Use(%ofh)
0.161,0.161,0.161,2023,Traditional_Cookstove_Use(%ofh)
0.15,0.15,0.15,2024,Traditional_Cookstove_Use(%ofh)
0.137,0.137,0.0,2025,Traditional_Cookstove_Use(%ofh)
0.127,0.127,0.0,2026,Traditional_Cookstove_Use(%ofh)
0.119,0.119,0.0,2027,Traditional_Cookstove_Use(%ofh)
0.112,0.112,0.0,2028,Traditional_Cookstove_Use(%ofh)
0.105,0.105,0.0,2029,Traditional_Cookstove_Use(%ofh)
0.099,0.098,0.0,2030,Traditional_Cookstove_Use(%ofh)
0.093,0.092,0.0,2031,Traditional_Cookstove_Use(%ofh)
0.087,0.087,0.0,2032,Traditional_Cookstove_Use(%ofh)
0.082,0.081,0.0,2033,Traditional_Cookstove_Use(%ofh)
0.078,0.076,0.0,2034,Traditional_Cookstove_Use(%ofh)
0.073,0.072,0.0,2035,Traditional_Cookstove_Use(%ofh)
0.069,0.067,0.0,2036,Traditional_Cookstove_Use(%ofh)
0.065,0.063,0.0,2037,Traditional_Cookstove_Use(%ofh)
0.061,0.06,0.0,2038,Traditional_Cookstove_Use(%ofh)
0.058,0.056,0.0,2039,Traditional_Cookstove_Use(%ofh)
0.054,0.053,0.0,2040,Traditional_Cookstove_Use(%ofh)
0.051,0.05,0.0,2041,Traditional_Cookstove_Use(%ofh)
0.048,0.047,0.0,2042,Traditional_Cookstove_Use(%ofh)
0.045,0.044,0.0,2043,Traditional_Cookstove_Use(%ofh)
0.042,0.041,0.0,2044,Traditional_Cookstove_Use(%ofh)
0.04,0.039,0.0,2045,Traditional_Cookstove_Use(%ofh)
0.037,0.036,0.0,2046,Traditional_Cookstove_Use(%ofh)
0.035,0.034,0.0,2047,Traditional_Cookstove_Use(%ofh)
0.033,0.032,0.0,2048,Traditional_Cookstove_Use(%ofh)
0.031,0.03,0.0,2049,Traditional_Cookstove_Use(%ofh)
0.029,0.028,0.0,2050,Traditional_Cookstove_Use(%ofh)
0.028,0.026,0.0,2051,Traditional_Cookstove_Use(%ofh)
0.026,0.025,0.0,2052,Traditional_Cookstove_Use(%ofh)
0.024,0.023,0.0,2053,Traditional_Cookstove_Use(%ofh)
0.023,0.022,0.0,2054,Traditional_Cookstove_Use(%ofh)
0.021,0.02,0.0,2055,Traditional_Cookstove_Use(%ofh)
0.02,0.019,0.0,2056,Traditional_Cookstove_Use(%ofh)
0.018,0.018,0.0,2057,Traditional_Cookstove_Use(%ofh)
0.017,0.017,0.0,2058,Traditional_Cookstove_Use(%ofh)
0.016,0.016,0.0,2059,Traditional_Cookstove_Use(%ofh)
0.015,0.015,0.0,2060,Traditional_Cookstove_Use(%ofh)
2.1187278,2.1187278,2.1187278,2020,Traditional_Cookstove_Use
1.834091,1.834091,1.834091,2021,Traditional_Cookstove_Use
1.84467612,1.84467612,1.84467612,2022,Traditional_Cookstove_Use
1.80565865,1.80565865,1.80565865,2023,Traditional_Cookstove_Use
1.6833818400000002,1.6833818400000002,1.6833818400000002,2024,Traditional_Cookstove_Use
1.54055013,1.54055013,0.0,2025,Traditional_Cookstove_Use
1.42372542,1.42372542,0.0,2026,Traditional_Cookstove_Use
1.34049696,1.33795814,0.0,2027,Traditional_Cookstove_Use
1.25287239,1.25287239,0.0,2028,Traditional_Cookstove_Use
1.1764147,1.17391169,0.0,2029,Traditional_Cookstove_Use
1.10629225,1.10132015,0.0,2030,Traditional_Cookstove_Use
1.0401226,1.0327108,0.0,2031,Traditional_Cookstove_Use
0.9779258,0.97055055,0.0,2032,Traditional_Cookstove_Use
0.92208922,0.91230205,0.0,2033,Traditional_Cookstove_Use
0.8676147200000001,0.8554221,0.0,2034,Traditional_Cookstove_Use
0.8144118000000001,0.8022465,0.0,2035,Traditional_Cookstove_Use
0.7672164,0.7526335,0.0,2036,Traditional_Cookstove_Use
0.7234426799999999,0.70642869,0.0,2037,Traditional_Cookstove_Use
0.6804560000000001,0.6658528800000001,0.0,2038,Traditional_Cookstove_Use
0.64042604,0.62578729,0.0,2039,Traditional_Cookstove_Use
0.6006163800000001,0.5859384,0.0,2040,Traditional_Cookstove_Use
0.5656473900000001,0.5509215,0.0,2041,Traditional_Cookstove_Use
0.5304204,0.5156529,0.0,2042,Traditional_Cookstove_Use
0.49726542,0.48492141,0.0,2043,Traditional_Cookstove_Use
0.4686198,0.45378816,0.0,2044,Traditional_Cookstove_Use
0.4395977,0.4247454,0.0,2045,Traditional_Cookstove_Use
0.41274718,0.39788252,0.0,2046,Traditional_Cookstove_Use
0.38568972,0.3732931399999999,0.0,2047,Traditional_Cookstove_Use
0.3634575,0.35105808,0.0,2048,Traditional_Cookstove_Use
0.34116222,0.32876403,0.0,2049,Traditional_Cookstove_Use
0.3188364,0.3089125,0.0,2050,Traditional_Cookstove_Use
0.29896317,0.2865722,0.0,2051,Traditional_Cookstove_Use
0.27906932,0.26915479,0.0,2052,Traditional_Cookstove_Use
0.2616186,0.2517105,0.0,2053,Traditional_Cookstove_Use
0.24413796,0.23670528,0.0,2054,Traditional_Cookstove_Use
0.2266300399999999,0.2192069999999999,0.0,2055,Traditional_Cookstove_Use
0.2115668799999999,0.20661564,0.0,2056,Traditional_Cookstove_Use
0.1965016,0.19156098,0.0,2057,Traditional_Cookstove_Use
0.1839105,0.1789799399999999,0.0,2058,Traditional_Cookstove_Use
0.16890717,0.16643612,0.0,2059,Traditional_Cookstove_Use
0.1564128,0.15394743,0.0,2060,Traditional_Cookstove_Use
